Question,QType,Answers,Q_1,Q_2,Q_3,Q_4,Q_5,Tags
A Data Engineer is investigating a query that is taking a long time to return. The Query Profile shows the following:What step should the Engineer take to increase the query performance?,2,0 1 0 0,Add additional virtual warehouses.,Increase the size of the virtual warehouse.,Rewrite the query using Common Table Expressions (CTEs).,Change the order of the joins and start with smaller tables first.,,snowpro-advanced-architect examtopics
How can the following relational data be transformed into semi-structured data using the LEAST amount of operational overhead?,2,0 0 1 0,Use the TO_JSON function.,Use the PARSE_JSON function to produce a VARIANT value.,Use the OBJECT_CONSTRUCT function to return a Snowflake object.,Use the TO_VARIANT function to convert each of the relational columns to VARIANT.,,snowpro-advanced-architect examtopics
[SELECT 3] A Data Engineer executes a complex query and wants to make use of Snowflake’s query results caching capabilities to reuse the results.Which conditions must be met? (Choose three.),1,1 1 1 0 0,The table structure contributing to the query result cannot have changed.,The new query must have the same syntax as the previously executed query.,The micro-partitions cannot have changed due to changes to other data in the table.,The results must be reused within 72 hours.,The query must be executed using the same virtual warehouse.,snowpro-advanced-architect examtopics multiple-answer
[SELECT 3] A Data Engineer needs to load JSON output from some software into Snowflake using Snowpipe.Which recommendations apply to this scenario? (Choose three.),1,1 1 1 0 0,"Ensure that data files are 100-250 MB (or larger) in size, compressed.",Verify each value of each unique element stores a single native data type (string or number).,Extract semi-structured data elements containing null values into relational columns before loading.,Load large files (1 GB or larger).,Load a single huge array containing multiple records into a single table row.,snowpro-advanced-architect examtopics multiple-answer
"Given the table SALES which has a clustering key of column CLOSED_DATE, which table function will return the average clustering depth for the SALES_REPRESENTATIVE column for the North American region?",2,0 1 0 0,"select system$clustering_information('Sales', 'sales_representative', 'region = ''North America''');","select system$clustering_depth('Sales', 'sales_representative', 'region = ''North America''');","select system$clustering_depth('Sales', 'sales_representative') where region = 'North America';","select system$clustering_information('Sales', 'sales_representative') where region = 'North America’;",,snowpro-advanced-architect examtopics
"A large table with 200 columns contains two years of historical data. When queried, the table is filtered on a single day. Below is the Query Profile:Using a size 2XL virtual warehouse, this query took over an hour to complete.What will improve the query performance the MOST?",2,0 0 0 1,Increase the size of the virtual warehouse.,Increase the number of clusters in the virtual warehouse.,Implement the search optimization service on the table.,Add a date column as a cluster key on the table.,,snowpro-advanced-architect examtopics
[SELECT 3] A Data Engineer is working on a Snowflake deployment in AWS eu-west-1 (Ireland). The Engineer is planning to load data from staged files into target tables using the COPY INTO command.Which sources are valid? (Choose three.),1,1 1 1 0 0,External stage on GCP us-central1 (Iowa),External stage in an Amazon S3 bucket on AWS eu-west-1 (Ireland),External stage in an Amazon S3 bucket on AWS eu-central-1 (Frankfurt),Internal stage on GCP us-central1 (Iowa),Internal stage on AWS eu-central-1 (Frankfurt),snowpro-advanced-architect examtopics multiple-answer
A Data Engineer wants to create a new development database (DEV) as a clone of the permanent production database (PROD). There is a requirement to disable Fail-safe for all tables.Which command will meet these requirements?,2,0 0 1 0,CREATE DATABASE DEV -CLONE PROD -FAIL_SAFE = FALSE;,CREATE DATABASE DEV -CLONE PROD;,CREATE TRANSIENT DATABASE DEV -CLONE PROD;,CREATE DATABASE DEV -CLONE PROD -DATA_RETENTION_TIME_IN DAYS = 0;,,snowpro-advanced-architect examtopics
[SELECT 3] Which methods can be used to create a DataFrame object in Snowpark? (Choose three.),1,1 1 1 0 0,session.read.json(),session.table(),session.sql(),session.jdbc_connection(),DataFrame.write(),snowpro-advanced-architect examtopics multiple-answer
[SELECT 3] A new CUSTOMER table is created by a data pipeline in a Snowflake schema where MANAGED ACCESS is enabled.Which roles can grant access to the CUSTOMER table? (Choose three.),1,1 1 1 0 0,The role that owns the schema,The SECURITYADMIN role,The USERADMIN role with the MANAGE GRANTS privilege,The role that owns the database,The role that owns the CUSTOMER table,snowpro-advanced-architect examtopics multiple-answer
What is the purpose of the BUILD_STAGE_FILE_URL function in Snowflake?,2,0 0 1 0,It generates an encrypted URL for accessing a file in a stage.,It generates a staged URL for accessing a file in a stage.,It generates a permanent URL for accessing files in a stage.,It generates a temporary URL for accessing a file in a stage.,,snowpro-advanced-architect examtopics
[SELECT 2] A company has an extensive script in Scala that transforms data by leveraging DataFrames. A Data Engineer needs to move these transformations to Snowpark.What characteristics of data transformations in Snowpark should be considered to meet this requirement? (Choose two.),1,1 1 0 0 0,It is possible to join multiple tables using DataFrames.,Snowpark operations are executed lazily on the server.,User-Defined Functions (UDFs) are not pushed down to Snowflake.,Snowpark requires a separate cluster outside of Snowflake for computations.,Columns in different DataFrames with the same name should be referred to with squared brackets.,snowpro-advanced-architect examtopics multiple-answer
The following is returned from SYSTEM$CLUSTERING_INFORMATION() for a table named ORDERS with a DATE column named O_ORDERDATE:What does the total_constant_partition_count value indicate about this table?,2,1 0 0 0,"The table is clustered very well on O_ORDERDATE, as there are 493 micro-partitions that could not be significantly improved by reclustering.","The table is not clustered well on O_ORDERDATE, as there are 493 micro-partitions where the range of values in that column overlap with every other micro-partition in the table.","The data in O_ORDERDATE does not change very often, as there are 493 micro-partitions containing rows where that column has not been modified since the row was created.","The data in O_ORDERDATE has a very low cardinality, as there are 493 micro-partitions where there is only a single distinct value in that column for all rows in the micro-partition.",,snowpro-advanced-architect examtopics
"A company is building a dashboard for thousands of Analysts. The dashboard presents the results of a few summary queries on tables that are regularly updated. The query conditions vary by topic according to what data each Analyst needs. Responsiveness of the dashboard queries is a top priority, and the data cache should be preserved.How should the Data Engineer configure the compute resources to support this dashboard?",2,0 1 0 0,Assign queries to a multi-cluster virtual warehouse with economy auto-scaling. Allow the system to automatically start and stop clusters according to demand.,Assign all queries to a multi-cluster virtual warehouse set to maximized mode. Monitor to determine the smallest suitable number of clusters.,Create a virtual warehouse for every 250 Analysts. Monitor to determine how many of these virtual warehouses are being utilized at capacity.,Create a size XL virtual warehouse to support all the dashboard queries. Monitor query runtimes to determine whether the virtual warehouse should be resized.,,snowpro-advanced-architect examtopics
"A Data Engineer has developed a dashboard that will issue the same SQL select clause to Snowflake every 12 hours.How long will Snowflake use the persisted query results from the result cache, provided that the underlying data has not changed?",2,0 0 0 1,12 hours,24 hours,14 days,31 days,,snowpro-advanced-architect examtopics
"A Data Engineer ran a stored procedure containing various transactions. During the execution, the session abruptly disconnected, preventing one transaction from committing or rolling back. The transaction was left in a detached state and created a lock on resources.What step must the Engineer take to immediately run a new transaction?",2,1 0 0 0,Call the system function SYSTEM$ABORT_TRANSACTION.,Call the system function SYSTEM$CANCEL_TRANSACTION.,Set the LOCK_TIMEOUT to FALSE in the stored procedure.,Set the TRANSACTION_ABORT_ON_ERROR to TRUE in the stored procedure.,,snowpro-advanced-architect examtopics
A database contains a table and a stored procedure defined as:The log_table is initially empty and a Data Engineer issues the following command:CALL insert_log(NULL::VARCHAR);No other operations are affecting the log_table.What will be the outcome of the procedure call?,2,0 0 0 1,The log_table contains zero records and the stored procedure returned 1 as a return value.,The log_table contains one record and the stored procedure returned 1 as a return value.,The log_table contains one record and the stored procedure returned NULL as a return value.,The log_table contains zero records and the stored procedure returned NULL as a return value.,,snowpro-advanced-architect examtopics
When would a Data Engineer use TABLE with the FLATTEN function instead of the LATERAL FLATTEN combination?,2,0 1 0 0,When TABLE with FLATTEN requires another source in the FROM clause to refer to.,When TABLE with FLATTEN requires no additional source in the FROM clause to refer to.,When the LATERAL FLATTEN combination requires no other source in the FROM clause to refer to.,When TABLE with FLATTEN is acting like a sub-query executed for each returned row.,,snowpro-advanced-architect examtopics
Which output is provided by both the SYSTEM$CLUSTERING_DEPTH function and the SYSTEM$CLUSTERING_INFORMATION function?,2,1 0 0 0,average_depth,notes,average_overlaps,total_partition_count,,snowpro-advanced-architect examtopics
A Data Engineer needs to ingest invoice data in PDF format into Snowflake so that the data can be queried and used in a forecasting solution.What is the recommended way to ingest this data?,2,0 0 0 1,Use Snowpipe to ingest the files that land in an external stage into a Snowflake table.,Use a COPY INTO command to ingest the PDF files in an external stage into a Snowflake table with a VARIANT column.,Create an external table on the PDF files that are stored in a stage and parse the data into structured data.,Create a Java User-Defined Function (UDF) that leverages Java-based PDF parser libraries to parse PDF data into structured data.,,snowpro-advanced-architect examtopics
"A table is loaded using Snowpipe and truncated afterwards. Later, a Data Engineer finds that the table needs to be reloaded, but the metadata of the pipe will not allow the same files to be loaded again.How can this issue be solved using the LEAST amount of operational overhead?",2,0 0 0 1,Wait until the metadata expires and then reload the file using Snowpipe.,Modify the file by adding a blank row to the bottom and re-stage the file.,Set the FORCE=TRUE option in the Snowpipe COPY INTO command.,Recreate the pipe by using the CREATE OR REPLACE PIPE command.,,snowpro-advanced-architect examtopics
"A stream called TRANSACTIONS_STM is created on top of a TRANSACTIONS table in a continuous pipeline running in Snowflake. After a couple of months, the TRANSACTIONS table is renamed TRANSACTIONS_RAW to comply with new naming standards.What will happen to the TRANSACTIONS_STM object?",2,1 0 0 0,TRANSACTIONS_STM will keep working as expected.,TRANSACTIONS_STM will be stale and will need to be re-created.,TRANSACTIONS_STM will be automatically renamed TRANSACTIONS_RAW_STM.,Reading from the TRANSACTIONS_STM stream will succeed for some time after the expected STALE_TIME.,,snowpro-advanced-architect examtopics
"[SELECT 2] A Data Engineer is evaluating the performance of a query in a development environment.Based on the Query Profile, what are some performance tuning options the Engineer can use? (Choose two.)",1,1 0 1 0 0,Add a LIMIT to the ORDER BY if possible,Use a multi-cluster virtual warehouse with the scaling policy set to standard,Move the query to a larger virtual warehouse,Create indexes to ensure sorted access to data,Increase the MAX_CLUSTER_COUNT,snowpro-advanced-architect examtopics multiple-answer
[SELECT 2] Which methods will trigger an action that will evaluate a DataFrame? (Choose two.),1,0 1 0 0 1,DataFrame.random_split(),DataFrame.collect(),DataFrame.select(),DataFrame.col(),DataFrame.show(),snowpro-advanced-architect examtopics multiple-answer
[SELECT 3] Which Snowflake objects does the Snowflake Kafka connector use? (Choose three.),1,1 1 1 0 0,Pipe,Internal table stage,Internal named stage,Serverless task,Internal user stage,snowpro-advanced-architect examtopics multiple-answer
What is a characteristic of the use of external tokenization?,2,0 0 0 1,Secure data sharing can be used with external tokenization.,External tokenization cannot be used with database replication.,Pre-loading of unmasked data is supported with external tokenization.,External tokenization allows the preservation of analytical values after de-identification.,,snowpro-advanced-architect examtopics
[SELECT 3] A Data Engineer is implementing a near real-time ingestion pipeline to load data into Snowflake using the Snowflake Kafka connector. There will be three Kafka topics created.Which Snowflake objects are created automatically when the Kafka connector starts? (Choose three.),1,1 1 1 0 0,Tables,Pipes,Internal stages,Tasks,External stages,snowpro-advanced-architect examtopics multiple-answer
"The following chart represents the performance of a virtual warehouse over time:A Data Engineer notices that the warehouse is queueing queries. The warehouse is size X-Small, the minimum and maximum cluster counts are set to 1, the scaling policy is set to standard, and auto-suspend is set to 10 minutes.How can the performance be improved?",2,1 0 0 0,Change the cluster settings.,Increase the size of the warehouse.,Change the scaling policy to economy.,Change auto-suspend to a longer time frame.,,snowpro-advanced-architect examtopics
A secure function returns data coming through an inbound share.What will happen if a Data Engineer tries to assign USAGE privileges on this function to an outbound share?,2,1 0 0 0,An error will be returned because the Engineer cannot share data that has already been shared.,An error will be returned because only views and secure stored procedures can be shared.,An error will be returned because only secure functions can be shared with inbound shares.,The Engineer will be able to share the secure function with other accounts.,,snowpro-advanced-architect examtopics
"[SELECT 2] Which functions will compute a 'fingerprint' over an entire table, query result, or window to quickly detect changes to table contents or query results? (Choose two.)",1,0 1 1 0 0,HASH(*),HASH_AGG(*),"HASH_AGG(<expr>, <expr>)",HASH_AGG_COMPARE(*),HASH_COMPARE(*),snowpro-advanced-architect examtopics multiple-answer
Which stages support external tables?,2,0 0 1 0,Internal stages only; within a single Snowflake account,Internal stages only; from any Snowflake account in the organization,"External stages only; from any region, and any cloud provider",External stages only; only on the same region and cloud provider as the Snowflake account,,snowpro-advanced-architect examtopics
A Data Engineer wants to check the status of a pipe named my_pipe. The pipe is inside a database named test and a schema named Extract (case-sensitive).Which query will provide the status of the pipe?,2,0 1 0 0,"SELECT SYSTEM$PIPE_STATUS(""test.'extract'.my_pipe"");","SELECT SYSTEM$PIPE_STATUS('test.""Extract"".my_pipe');","SELECT * FROM SYSTEM$PIPE_STATUS('test.""Extract"".my_pipe');","SELECT * FROM SYSTEM$PIPE_STATUS(""test.'extract'.my_pipe"");",,snowpro-advanced-architect examtopics
[SELECT 2] Company A and Company B both have Snowflake accounts. Company A's account is hosted on a different cloud provider and region than Company B's account. Companies A and B are not in the same Snowflake organization.How can Company A share data with Company B? (Choose two.),1,1 0 0 1 0,Create a share within Company A's account and add Company B's account as a recipient of that share.,"Create a share within Company A's account, and create a reader account that is a recipient of the share. Grant Company B access to the reader account.",Use database replication to replicate Company A's data into Company B's account. Create a share within Company B's account and grant users within Company B's account access to the share.,"Create a new account within Company A's organization in the same cloud provider and region as Company B's account. Use database replication to replicate Company A's data to the new account. Create a share within the new account, and add Company B's account as a recipient of that share.",Create a separate database within Company A's account to contain only those data sets they wish to share with Company B. Create a share within Company A's account and add all the objects within this separate database to the share. Add Company B's account as a recipient of the share.,snowpro-advanced-architect examtopics multiple-answer
"A Data Engineer is trying to load the following rows from a CSV file into a table in Snowflake with the following structure:The engineer is using the following COPY INTO statement:However, the following error is received:Number of columns in file (6) does not match that of the corresponding table (3), use file format option error_on_column_count_mismatch=false to ignore this error File 'address.csv.gz', line 3, character 1 Row 1 starts at line 2, column ""STGCUSTOMER""[6] If you would like to continue loading when an error is encountered, use other values such as 'SKIP_FILE' or 'CONTINUE' for the ON_ERROR option.Which file format option should be used to resolve the error and successfully load all the data into the table?",2,0 0 0 1,ESCAPE_UNENCLOSED FIELD = '\\',ERROR_ON_COLUMN_COUNT_MISMATCH = FALSE,"FIELD_DELIMITER = ','","FIELD_OPTIONALLY_ENCLOSED_BY = '""'",,snowpro-advanced-architect examtopics
A Data Engineer is working on a continuous data pipeline which receives data from Amazon Kinesis Firehose and loads the data into a staging table which will later be used in the data transformation process. The average file size is 300-500 MB.The Engineer needs to ensure that Snowpipe is performant while minimizing costs.How can this be achieved?,2,0 0 0 1,Increase the size of the virtual warehouse used by Snowpipe.,Split the files before loading them and set the SIZE_LIMIT option to 250 MB.,Change the file compression size and increase the frequency of the Snowpipe loads.,Decrease the buffer size to trigger delivery of files sized between 100 to 250 MB in Kinesis Firehose.,,snowpro-advanced-architect examtopics
"Within a Snowflake account. permissions have been defined with custom roles and role hierarchies.To set up column-level masking using a role in the hierarchy of the current user, what command would be used?",2,0 0 0 1,CURRENT_ROLE,INVOKER_ROLE,IS_ROLE_IN_SESSION,IS_GRANTED_TO_INVOKER_ROLE,,snowpro-advanced-architect examtopics
"[SELECT 2] Assuming a Data Engineer has all appropriate privileges and context, which statements would be used to assess whether the User-Defined Function (UDF), MYDATABASE.SALES.REVENUE_BY_REGION, exists and is secure? (Choose two.)",1,1 0 1 0 0,SHOW USER FUNCTIONS LIKE 'REVENUE_BY_REGION' IN SCHEMA SALES;,SELECT IS_SECURE FROM SNOWFLAKE.INFORMATION_SCHEMA.FUNCTIONS WHERE FUNCTION_SCHEMA = 'SALES' AND FUNCTION_NAME = 'REVENUE_BY_REGION';,SELECT IS_SECURE FROM INFORMATION_SCHEMA.FUNCTIONS WHERE FUNCTION_SCHEMA = 'SALES' AND FUNCTION_NAME = 'REVENUE_BY_REGION';,SHOW EXTERNAL FUNCTIONS LIKE 'REVENUE_BY_REGION' IN SCHEMA SALES;,SHOW SECURE FUNCTIONS LIKE 'REVENUE_BY_REGION' IN SCHEMA SALES;,snowpro-advanced-architect examtopics multiple-answer
A Data Engineer has written a stored procedure that will run with caller's rights. The Engineer has granted ROLEA the right to use this stored procedure.What is a characteristic of the stored procedure being called using ROLEA?,2,0 1 0 0,The stored procedure must run with caller's rights; it cannot be converted later to run with owner's rights.,"If the stored procedure accesses an object that ROLEA does not have access to, the stored procedure will fail.",The stored procedure will run in the context (database and schema) where the owner created the stored procedure.,"ROLEA will not be able to see the source code for the stored procedure, even though the role has usage privileges on the stored procedure.",,snowpro-advanced-architect examtopics
What is a characteristic of the use of binding variables in JavaScript stored procedures in Snowflake?,2,0 0 1 0,All types of JavaScript variables can be bound.,All Snowflake first-class objects can be bound.,"Only JavaScript variables of type number, string, and SfDate can be bound.",Users are restricted from binding JavaScript variables because they create SQL injection attack vulnerabilities.,,snowpro-advanced-architect examtopics
Which use case would be BEST suited for the search optimization service?,2,0 1 0 0,Analysts who need to perform aggregates over high-cardinality columns.,Business users who need fast response times using highly selective filters.,Data Scientists who seek specific JOIN statements with large volumes of data.,Data Engineers who create clustered tables with frequent reads against clustering keys.,,snowpro-advanced-architect examtopics
What is a characteristic of the operations of streams in Snowflake?,2,0 1 0 0,"Whenever a stream is queried, the offset is automatically advanced.","When a stream is used to update a target table, the offset is advanced to the current time.",Querying a stream returns all change records and table rows from the current offset to the current time.,Each committed and uncommitted transaction on the source table automatically puts a change record in the stream.,,snowpro-advanced-architect examtopics
At what isolation level are Snowflake streams?,2,0 1 0 0,Snapshot,Repeatable read,Read committed,Read uncommitted,,snowpro-advanced-architect examtopics
What kind of Snowflake integration is required when defining an external function in Snowflake?,2,1 0 0 0,API integration,HTTP integration,Notification integration,Security integration,,snowpro-advanced-architect examtopics
"[SELECT 2] A Data Engineer is writing a Python script using the Snowflake Connector for Python. The Engineer will use the snowflake.connector.connect function to connect to Snowflake.The requirements are:Raise an exception if the specified database, schema, or warehouse does not existImprove download performance -Which parameters of the connect function should be used? (Choose two.)",1,0 0 1 0 1,authenticator,arrow_number_to_decimal,client_prefetch_threads,client_session_keep_alive,validate_default_parameters,snowpro-advanced-architect examtopics multiple-answer
"A Data Engineer wants to centralize grant management to maximize security. A user needs OWNERSHIP on a table in a new schema. However, this user should not have the ability to make grant decisions.What is the correct way to do this?",2,0 0 0 1,Grant OWNERSHIP to the user on the table.,Revoke grant decisions from the user on the table.,Revoke grant decisions from the user on the schema.,Add the WITH MANAGED ACCESS parameter on the schema.,,snowpro-advanced-architect examtopics
"A CSV file, around 1 TB in size, is generated daily on an on-premise server. A corresponding table, internal stage, and file format have already been created in Snowflake to facilitate the data loading process.How can the process of bringing the CSV file into Snowflake be automated using the LEAST amount of operational overhead?",2,0 1 0 0,Create a task in Snowflake that executes once a day and runs a COPY INTO statement that references the internal stage. The internal stage will read the files directly from the on-premise server and copy the newest file into the table from the on-premise server to the Snowflake table.,"On the on-premise server, schedule a SQL file to run using SnowSQL that executes a PUT to push a specific file to the internal stage. Create a task that executes once a day in Snowflake and runs a COPY INTO statement that references the internal stage. Schedule the task to start after the file lands in the internal stage.","On the on-premise server, schedule a SQL file to run using SnowSQL that executes a PUT to push a specific file to the internal stage. Create a pipe that runs a COPY INTO statement that references the internal stage. Snowpipe auto-ingest will automatically load the file from the internal stage when the new file lands in the internal stage.","On the on-premise server, schedule a Python file that uses the Snowpark Python library. The Python script will read the CSV data into a DataFrame and generate an INSERT INTO statement that will directly load into the table. The script will bypass the need to move a file into an internal stage.",,snowpro-advanced-architect examtopics
[SELECT 3] What are characteristics of Snowpark Python packages? (Choose three.),1,1 1 1 0 0,Third-party packages can be registered as a dependency to the Snowpark session using the session.import() method.,The SQL command DESCRIBE FUNCTION will list the imported Python packages of the Python User-Defined Function (UDF).,Querying information_schema.packages will provide a list of supported Python packages and versions.,Python packages can access any external endpoints.,Python packages can only be loaded in a local environment.,snowpro-advanced-architect examtopics multiple-answer
"While running an external function, the following error message is received:Error: Function received the wrong number of rowsWhat is causing this to occur?",2,0 0 0 1,External functions do not support multiple rows.,Nested arrays are not supported in the JSON response.,The JSON returned by the remote service is not constructed correctly.,The return message did not produce the same number of rows that it received.,,snowpro-advanced-architect examtopics
A Data Engineer enables a result cache at the session level with the following command:ALTER SESSION SET USE_CACHED_RESULT = TRUE;The Engineer then runs the following SELECT query twice without delay:SELECT *FROM SNOWFLAKE_SAMPLE_DATA.TPCH_SF1.CUSTOMERSAMPLE(10) SEED (99);The underlying table does not change between executions.What are the results of both runs?,2,0 1 0 0,"The first and second run returned the same results, because SAMPLE is deterministic.","The first and second run returned the same results, because the specific SEED value was provided.","The first and second run returned different results, because the query is evaluated each time it is run.","The first and second run returned different results, because the query uses * instead of an explicit column list.",,snowpro-advanced-architect examtopics
"A company built a sales reporting system with Python, connecting to Snowflake using the Python Connector. Based on the user's selections, the system generates the SQL queries needed to fetch the data for the report. First it gets the customers that meet the given query parameters (on average 1000 customer records for each report run), and then it loops the customer records sequentially. Inside that loop it runs the generated SQL clause for the current customer to get the detailed data for that customer number from the sales data table.When the Data Engineer tested the individual SQL clauses, they were fast enough (1 second to get the customers, 0.5 second to get the sales data for one customer), but the total runtime of the report is too long.How can this situation be improved?",2,0 0 0 1,Increase the size of the virtual warehouse.,Increase the number of maximum clusters of the virtual warehouse.,Define a clustering key for the sales data table.,Rewrite the report to eliminate the use of the loop construct.,,snowpro-advanced-architect examtopics
A company is using Snowpipe to bring in millions of rows every day of Change Data Capture (CDC) into a Snowflake staging table on a real-time basis. The CDC needs to get processed and combined with other data in Snowflake and land in a final table as part of the full data pipeline.How can a Data Engineer MOST efficiently process the incoming CDC on an ongoing basis?,2,1 0 0 0,"Create a stream on the staging table and schedule a task that transforms data from the stream, only when the stream has data.",Transform the data during the data load with Snowpipe by modifying the related COPY INTO statement to include transformation steps such as CASE statements and JOINS.,Schedule a task that dynamically retrieves the last time the task was run from information_schema.task_history and use that timestamp to process the delta of the new rows since the last time the task was run.,Use a CREATE OR REPLACE TABLE AS statement that references the staging table and includes all the transformation SQL. Use a task to run the full CREATE OR REPLACE TABLE AS statement on a scheduled basis.,,snowpro-advanced-architect examtopics
"A Data Engineer is building a pipeline to transform a 1 TB table by joining it with supplemental tables. The Engineer is applying filters and several aggregations leveraging Common Table Expressions (CTEs) using a size Medium virtual warehouse in a single query in Snowflake.After checking the Query Profile, what is the recommended approach to MAXIMIZE performance of this query if the Profile shows data spillage?",2,0 1 0 0,Enable clustering on the table.,Increase the warehouse size.,Rewrite the query to remove the CTEs.,Switch to a multi-cluster virtual warehouse.,,snowpro-advanced-architect examtopics
Which system role is recommended for a custom role hierarchy to be ultimately assigned to?,2,0 0 1 0,ACCOUNTADMIN,SECURITYADMIN,SYSADMIN,USERADMIN,,snowpro-advanced-architect examtopics
Which callback function is required within a JavaScript User-Defined Function (UDF) for it to execute successfully?,2,0 1 0 0,initialize(),processRow(),handler(),finalize(),,snowpro-advanced-architect examtopics
"Which Snowflake feature facilitates access to external API services such as geocoders, data transformation, machine learning models, and other custom code?",2,0 0 1 0,Security integration,External tables,External functions,Java User-Defined Functions (UDFs),,snowpro-advanced-architect examtopics
A Data Engineer needs to know the details regarding the micro-partition layout for a table named Invoice using a built-in function.Which query will provide this information?,2,1 0 0 0,SELECT SYSTEM$CLUSTERING_INFORMATION('Invoice');,SELECT $CLUSTERING_INFORMATION('Invoice');,CALL SYSTEM$CLUSTERING_INFORMATION('Invoice');,CALL $CLUSTERING_INFORMATION('Invoice');,,snowpro-advanced-architect examtopics
[SELECT 3] A Data Engineer would like to define a file structure for loading and unloading data.Where can the file structure be defined? (Choose three.),1,1 1 1 0 0,COPY command,FILE FORMAT object,STAGE object,MERGE command,PIPE object,snowpro-advanced-architect examtopics multiple-answer
"Assuming that the session parameter USE_CACHED_RESULT is set to false, what are characteristics of Snowflake virtual warehouses in terms of the use of Snowpark?",2,0 0 0 1,Creating a DataFrame from a table will start a virtual warehouse.,Creating a DataFrame from a staged file with the read() method will start a virtual warehouse.,Transforming a DataFrame with methods like replace() will start a virtual warehouse.,Calling a Snowpark stored procedure to query the database with session.call() will start a virtual warehouse.,,snowpro-advanced-architect examtopics
Database XYZ has the data_retention_time_in_days parameter set to 7 days and table XYZ.public.ABC has the data_retention_time_in_days set to 10 days.A Developer accidentally dropped the database containing this single table 8 days ago and just discovered the mistake.How can the table be recovered?,2,0 0 0 1,undrop database xyz;,create table abc_restore as select * from xyz.public.abc at (offset => -60*60*24*8);,create table abc_restore clone xyz.public.abc at (offset => -3600*24*8);,Create a Snowflake Support case to restore the database and table from Fail-safe.,,snowpro-advanced-architect examtopics
"[SELECT 2] A Data Engineer is building a set of reporting tables to analyze consumer requests by region for each of the Data Exchange offerings annually, as well as click-through rates for each listing.Which views are needed MINIMALLY as data sources?",1,0 1 1 0,SNOWFLAKE.DATA_SHARING_USAGE.LISTING_EVENTS_DAILY,SNOWFLAKE.DATA_SHARING_USAGE.LISTING_CONSUMPTION_DAILY,SNOWFLAKE.DATA_SHARING_USAGE.LISTING_TELEMETRY_DAILY,SNOWFLAKE.ACCOUNT_USAGE.DATA_TRANSFER_HISTORY,,snowpro-advanced-architect examtopics multiple-answer
The following code is executed in a Snowflake environment with the default settings:What will be the result of the select statement?,2,1 0 0,SQL compilation error: Object 'CUSTOMER' does not exist or is not authorized.,John,1John,,,snowpro-advanced-architect examtopics
A Data Engineer defines the following masking policy:The policy must be applied to the full_name column in the customer table:Which query will apply the masking policy on the full_name column?,2,0 0 1 0,ALTER TABLE customer MODIFY COLUMN full_nameSET MASKING POLICY name policy;,ALTER TABLE customer MODIFY COLUMN full_nameADD MASKING POLICY name_policy;,"ALTER TABLE customer MODIFY COLUMNfirst_name SET MASKING POLICY name_policy,last_name SET MASKING POLICY name_policy;","ALTER TABLE customer MODIFY COLUMNfirst_name ADD MASKING POLICY name_policy,last_name SET MASKING POLICY name_policy;",,snowpro-advanced-architect examtopics
"[SELECT 2] The following stored procedure has been created to load orders for a single date into a target table:create or replace procedure uspLoadOrdersByDate ()returns stringlanguage javascriptexecute as owneras'sqlCmd = `INSERT INTO ORDERS_BY_DATE_TGT SELECT * FROM ORDERS_BY_DATE WHERE O_ORDERDATE = $dateToProcess`; sqlStmt = snowflake.createStatement({sqlText: sqlCmd}); res = sqlStmt.execute(); res.next(); return res.GetColumnValue(1);';Upon executing the following statements, the following error is returned:set dateToProcess = '2020-08-02';call uspLoadOrdersByDate();Execution error in store procedure USPLOADORDERSBYDATE: Use of session variable '$DATETOPROCESS' is not allowed in owners rights stored procedure At Statement.execute, line 4 position 14Making what changes will allow the procedure to execute successfully? (Choose two.)",1,1 0 0 1 0,Change the procedure to EXECUTE AS CALLER.,"Create a scheduled task to execute the procedure each day, and set dateToProcess = CURRENT_DATE() as a session parameter at the task level.",Modify the body of the procedure to cast $dateToProcess to DATE within the WHERE clause of the INSERT statement.,Change the procedure to accept $dateToProcess as an input parameter so that no session variables are used within the procedure itself.,Rename the session variable to upper case to allow the procedure to read from it.,snowpro-advanced-architect examtopics multiple-answer
Which command will load data successfully to the table named finance_dept_location?,2,1 0 0 0,"copy into finance_dept_location(city, zip, sale_date, price)from (select t.$1, t.$2, t.$3, t.$4 from @finstage/finance.csv.gz t) file_format = (format_name = fincsvformat);","copy into finance_dept_location(city, zip, sale_date, price)from (select t.$1, t.$2, t.$3, t.$4 from @finstage/finance.csv.gz t) file_format = (format_name = fincsvformat) validation_mode=return_all_errors;","copy into finance_dept_location(city, zip, sale_date, price)from (select t.$1, t.$2, t.$3, t.$4 from @finstage/finance.csv.gz t limit 100) file_format = (format_name = fincsvformat);","copy into finance_dept_location(city, zip, sale_date, price)from (select t.$1, t.$2, t.$3, t.$4 from @finstage/finance.csv.gz t where t.$1 like '%austin%') file_format = (format_name = fincsvformat);",,snowpro-advanced-architect examtopics
"[SELECT 3] Which of the following grants are required for the role kafka_load_role_1 running the Snowflake Connector for Kafka, with the intent of loading data to Snowflake? (Choose three.)(Assume this role already exists and has usage access to the schema kafka_schema in database kafka_db, the target for data loading.)",1,1 1 1 0 0,grant create pipe on schema kafka_schema to role kafka_load_role_1;,grant create stage on schema kafka_schema to role kafka_load_role_1;,grant create table on schema kafka_schema to role kafka_load_role_1;,grant create stream on schema kafka_schema to role kafka_load_role_1;,grant create task on schema kafka_schema to role kafka_load_role_1;,snowpro-advanced-architect examtopics multiple-answer
A Data Engineer creates a pipe called mypipe.What command needs to be run to verify that the pipe is configured correctly and is running?,2,0 1 0 0,show pipes like 'mypipe',select system$pipe_status('public.mypipe'),describe pipe 'public.mypipe',select system$verify_pipe('public.mypipe'),,snowpro-advanced-architect examtopics
A Data Engineer runs the following sequence:use role ACCOUNTADMIN;create role ROLE1;grant role ROLE1 to role ACCOUNTADMIN;grant create database on account to role ROLE1;use role ROLE1;create database DB1;use role ACCOUNTADMIN;drop role ROLE1;Who is the owner of database DB1?,2,0 1 0 0,The deleted ROLE1 remains the owner of the DB1 database.,The ACCOUNTADMIN becomes the owner of the DB1 database.,"ROLE1, because the role cannot be dropped as long as it owns the DB1 database.",Database DB1 has no owner.,,snowpro-advanced-architect examtopics
What action could a Data Engineer take to increase the query performance of an external table?,2,0 0 1 0,Add a clustering key to the external table.,Enable the search optimization service on the external table.,Create a materialized view on the external table.,Set the USE_CACHED_RESULTS parameter to True for the external table.,,snowpro-advanced-architect examtopics
"When using a stored procedure in Snowflake, how many threads can the Snowflake API run concurrently?",2,1 0,An unlimited number,The number is dependent on the size of the virtual warehouse.,,,,snowpro-advanced-architect examtopics
Which attribute is used by Snowpipe to ensure the same file is not loaded twice from a path in a stage?,2,0 0 0 1,File partition details,File checksum,Creation_time of the file,Filename,,snowpro-advanced-architect examtopics
"To meet governance requirements, a company needs to completely isolate its production environment from its development and testing environments. The solution must prevent zero-copy cloning from occurring.How can these requirements be met?",2,0 0 0 1,Create one account and ensure that strict process controls are in place including a strict Role-based Access Control (RBAC) strategy.,"Create one account that includes one database for each business function. Within the database, use separate schemas to isolate production, development, and test environments.","Create one account that separates the production, development, and testing environments by database. Use Role-based Access Control (RBAC) to further isolate these environments based on roles/grants.","Create three separate accounts, one each for the production, development, and testing environments, and manage each account individually.",,snowpro-advanced-architect examtopics
"A company called IOT Corporation has subsidiary companies in Germany and Japan.•	The German subsidiary has a Snowflake account called IOTGER in AWS region EU (Frankfurt) (Region ID: eu-central-1).•	The Japanese subsidiary has a Snowflake account called IOTJPN in Azure region Japan East (Tokyo) (Region ID: japaneast).The subsidiaries are totally independent of one another, and their Snowflake accounts belong to different Snowflake organizations.A Data Engineer needs to share data in a database called IOT_PROD from the German account to the Japanese account.What steps need to be taken by the German subsidiary so that the Japanese subsidiary can use the shared data?",2,0 0 0 1,"Create share S1 into IOTGER. Add the objects to be shared from IOT_PROD in IOTGER to the share S1, then add account IOTJPN to the share S1.","Replicate database IOT_PROD from IOTGER to IOTJPN with the same database name. Create share S1 into IOTJPN, add the objects to be shared from IOT_PROD in IOTJPN to the share S1, and add account IOTJPN to the share S1.","Create a clone of the database IOT_PROD into IOTJPN. Create secure views into the cloned database that read data from the objects to be shared. Create share S1 into IOTJPN. Add the secure views to the share S1, and add account IOTJPN to the share S1.","Create an additional Snowflake account IOTGER2 into region Japan East. Replicate database IOT_PROD from IOTGER to IOTGER2 with the same database name. Create share S1 into IOTGER2, and add the objects to be shared from IOT_PROD in IOTGER2 to the share S1. Then add account IOTJPN to the share S1.",,snowpro-advanced-architect examtopics
A Data Engineer would like to create a new empty table named CURRENT_STUDENT_COPY_DATA that has the same structure as the table CURRENT_STUDENT.Which statement should be used?,2,0 0 0 1,CREATE TABLE current_student_copy_data COPY current_student;,CREATE TABLE current_student_copy_data CLONE current_studentCOPY_DATA=false;,CREATE TABLE current_student_copy_data CLONE current_student;,CREATE TABLE current_student_copy_data LIKE current_student;,,snowpro-advanced-architect examtopics
"A Data Engineer has created table T1 with DATA_RETENTION_TIME_IN_DAYS set to 7. There is a default stream S1 on table T1.The parameter MAX_DATA_EXTENSION_TIME_IN_DAYS is set to 10 for table T1.Based on these parameters, at MINIMUM, how frequently do the contents of stream S1 need to be consumed so that the stream does not become stale?",2,0 0 1 0,Every 3 days,Every 7 days,Every 10 days,Every 30 days,,snowpro-advanced-architect examtopics
"The following FLATTEN command is run:select *from table(flatten(input => parse_json('{""first_name"":""joe"",""last_name"": ""smith""""location"": {""state"":""co"", }}'),recursive => true )) f;How many rows will be returned?",2,0 0 0 1,1 row,2 rows,3 rows,4 rows,,snowpro-advanced-architect examtopics
A Data Engineer made modifications to staged files and re-staged them. A pipe is running but the changed data is not appearing in the table.What step should the Engineer take in order to see the changed data without duplicating data?,2,0 0 0 1,Run the CREATE or REPLACE PIPE syntax.,Re-run the pipe by using the RELOAD PIPE syntax.,Re-run the pipe by using the ONLY_CHANGES syntax.,Create new files with the changed data.,,snowpro-advanced-architect examtopics
A Data Engineer is building a data pipeline to ingest incremental data from a data source using streams and tasks in Snowflake. A stream is created on a CUSTOMER_RAW table to track the new records and merge them into a CUSTOMER master table by way of a task that runs every hour.What will occur if the CUSTOMER_RAW table gets renamed to CUSTOMER_BASE after the task runs for three days?,2,0 1 0 0,The DESCRIBE STREAM for the stream will show the value of the STALE column as TRUE.,The renaming will cause no disruption to the existing data pipeline.,The DESCRIBE STREAM for the stream will show the value of the STALE column as FALSE.,The TASK_HISTORY for the subsequent run will show an error after the renaming operation.,,snowpro-advanced-architect examtopics
"Given the following cron expression ""0 1 * * * America/Los_Angeles"", how will the task behave when changing from Daylight Savings Time to Standard Time, moving the clock one hour back?",2,0 1 0 0,The task will run once.,The task will run twice.,The task will not run.,The task will fail with an error.,,snowpro-advanced-architect examtopics
A Data Engineer has been asked by the development team to create a snapshot of production data from the ABC database into the developer account. None of the data is Personal Identifiable Information (PII) or sensitive. Both accounts are in the same region and use the same cloud provider.The Engineer performs these steps:In the production account:use role accountadmin;create database ABC_CLONE clone ABC;create share ABC_SHARE;grant usage on database ABC_CLONE to share ABC_SHARE;alter share ABC_share add accounts = dev_account;In the developer account:use role accountadmin;create database ABC_DEV FROM share prod_account.ABC_SHARE;grant imported privileges on database ABC_DEV to role developers;What is the reason the development team cannot see the data in the tables in the developer account?,2,1 0 0 0,The Data Engineer did not grant usage on the schema and select on the tables in the production account to the share.,The Data Engineer did not grant imported privileges to the schemas and tables in the developer account.,The Data Engineer did not grant select on the schema and tables in the share in the developer account.,The Data Engineer did not grant usage on the database in the developer account.,,snowpro-advanced-architect examtopics
A company has many nested JSON files in cloud storage. The company would like to use these files in complex JOIN operations.Which method would provide the BEST performance?,2,0 0 1 0,Create an external table on the cloud storage without ingesting files into Snowflake.,"Create a materialized view over an external table, flattening the JSON.",Use the COPY INTO command on all the JSON files into a permanent table as a VARIANT and use the table for JOINS.,Use the COPY INTO command on all the JSON files into an internal stage and use the stage for JOINS.,,snowpro-advanced-architect examtopics
"What is the following SQL statement used for?Select * from table(validate(t1, job_id => '_last'));",2,1 0 0 0,To validate errors for the last load executed in the current session,To validate a file for errors before it gets executed using the COPY command,To validate external file tables,To validate a task SQL statement,,snowpro-advanced-architect examtopics
[SELECT 2] What considerations should a Data Engineer make when leveraging the table function TASK_HISTORY? (Choose two.),1,0 1 1 0 0,Querying TASK_HISTORY will return only in progress or completed task executions.,"For the task of interest to be returned, it must have been triggered within the last 30 days.",A user querying the table function must be the owner of the task or have elevated privileges.,A RESULT_LIMIT parameter must be provided during execution because TASK_HISTORY is a table function.,Any parameters used in the TASK_HISTORY table function will take precedent before SQL limiting functions.,snowpro-advanced-architect examtopics multiple-answer
"A table, mytable, is created using the following command in a schema called raw:create table mytable(col1 number, col2 date) data_retention_time_in_days=90;The DATA_RETENTION_TIME_IN_DAYS is set to 30 days for the raw schema.If the raw schema gets dropped today, for how many days will the data in mytable be accessible through Time Travel?",2,0 1 0 0,0 days,30 days,90 days,120 days,,snowpro-advanced-architect examtopics
"A company would like to get data from a Snowflake Marketplace provider for data enrichment purposes. A Data Engineer needs to build a data pipeline that would blend existing data in the company’s account with the provider’s data, with some transformations. The provider’s data is not available in the region where the company account resides.How can the Data Engineer make the data available to the company for processing?",2,0 0 0 1,Create a new reader account in the region where the provider’s data is available and set up a transformation job to unload transformed data into a stage. Set up a copy job between this stage and the company’s stage and then ingest data into the company’s account to blend with any existing data.,Create a new reader account in the region where the provider’s data is available and set up a COPY job to unload data into a stage. Set up a data copy job between this stage and the company’s stage. Then ingest the data into the company’s account to transform and blend it with any existing data.,"Create a new account in the region where the provider’s data is available. Get data from the Marketplace, and create a share to the company’s account. Then build a data pipeline to blend and transform the data.",Create a new account in the region where the provider’s data is available. Get data from the Marketplace and replicate the data to the company’s account. Then build a data pipeline to blend and transform the data.,,snowpro-advanced-architect examtopics
[SELECT 2] A Data Engineer is creating a pipe by executing the following statement:create or replace pipe mypipe auto_ingest=true as copy into mytable from @mystage;The Data Engineer adds a file data.csv.gz to the stage and it successfully loads into the table mytable.What will cause the file data.csv.gz to be loaded a second time? (Choose two.),1,0 0 1 1 0,copy into mytable from @mystage;,truncate table mytable;alter pipe mypipe refresh;,"drop table mytable;create table mytable (coll string,...)",create or replace pipe mypipe auto_ingest=true as copy into mytable from @mystage; alter pipe mypipe refresh;,The file will automatically be reloaded a second time after eight days.,snowpro-advanced-architect examtopics multiple-answer
"Data is loaded into a staging table every day. From there, several departments perform transformations on the data and load it into different production tables.How should the staging table be created and used to MINIMIZE storage costs and MAXIMIZE performance?",2,0 1 0 0,"Create it as an external table, which is not covered by Time Travel.",Create it as a transient table with a retention time of 0 days.,Create it as a temporary table with a retention time of 0 days.,Create it as a permanent table with a retention time of 0 days.,,snowpro-advanced-architect examtopics
"A Data Engineer needs to be able to create new databases and objects as required for a Proof of Concept (POC).The sandbox Snowflake account where the POC is tested does not have Role-Based Access Control (RBAC) in place, but it belongs to an organization where some other accounts have RBAC.What is the LEAST-privileged system role that needs to be granted to this Engineer so they can work on this POC?",2,0 0 0 1,ORGADMIN,PUBLIC,SECURITYADMIN,SYSADMIN,,snowpro-advanced-architect examtopics
"A Data Engineer has created two custom roles, MARKETING_ROLE and FINANCE_ROLE, to be granted to the users of an application.According to best practices, what action should be taken next?",2,0 0 0 1,Use the USERADMIN role to give all the required grants to the users.,Use the SECURITYADMIN role to configure the required parameters for the users at the account level.,Use the ACCOUNTADMIN role to create the new users that will be granted the new roles.,Assign the custom roles to the SYSADMIN role.,,snowpro-advanced-architect examtopics
[SELECT 2] How can a directory table be used when working with unstructured data? (Choose two.),1,1 0 0 0 1,File access URLs can be shared with collaborators and partners.,Data stored in an external stage can be queried as if the data was inside a table in Snowflake.,All unstructured files on a stage can be queried using the SELECT * FROM DIRECTORY(@); command.,All unstructured files on a stage can be queried using the SELECT * FROM @; command.,A directory table can be joined with other tables to produce a view of unstructured data that combines the file URLs with the file metadata.,snowpro-advanced-architect examtopics multiple-answer
"A Data Engineer is using a Snowflake Standard edition and has an external function in schema A, a view in schema B, and then creates a SHARE and adds the view to the SHARE as follows:create secure view B.my_shared_view as select A.my_external_function(x) ...; create share things_to_share; grant select on view my_shared_view to share things_to_share;What will be true about this command?",2,0 1 0 0,The external function will not be supported in the view.,The external function will not be supported in the share.,The external function will not be supported in the schema cross-reference.,The external function is not supported in the Standard edition.,,snowpro-advanced-architect examtopics
A Data Engineer is reviewing Python data pipeline code that is dynamically scaling warehouse HOL_WH:What effect is the WAIT_FOR_COMPLETION clause having on the pipeline?,2,0 0 1 0,The initial ALTER WAREHOUSE command will be blocked until all existing processes on the HOL_WH have completed.,The second ALTER WAREHOUSE command will be blocked until the data processing code between the two ALTER WAREHOUSE statements have completed.,The WAIT_FOR_COMPLETION clause will block the return of the first ALTER WAREHOUSE command until the resize has finished provisioning all compute resources.,The WAIT_FOR_COMPLETION clause will allow the processes to run in parallel while the first resize finishes provisioning the compute resources.,,snowpro-advanced-architect examtopics
"A Data Engineer has a table with no clustering key defined. The Engineer wants to analyze the distribution of micro-partitions by using system functions.To identify the best clustering key for the table, the Engineer executes the following query:SELECT SYSTEM$CLUSTERING_INFORMATION('table1');What will be the result of this query?",2,1 0 0 0,An error saying Invalid clustering key or table table1 is not clustered,Notes with suggestions on how to make the clustering more efficient,An error saying The table name must be enclosed by double quotation marks,A histogram depicting the distribution of overlap depth for each micro-partition in the table,,snowpro-advanced-architect examtopics
"A Data Engineer is using Snowpark to perform data transformations on large data sets in Snowflake. The Engineer wants to optimize the transformation process by minimizing the amount of data distributed across nodes, and leveraging Snowflake’s compute resources most effectively.Which combination of strategies should the Engineer use to meet these requirements?",2,0 0 1 0,"Load data using session. read, apply sorting operations before filtering, and use DataFrame.write() to save the output in the same format as the input without adjusting partitions.","Perform joins using the default settings, apply transformations across all columns simultaneously, and use DataFrame.collect() to retrieve the results from the client machine.","Use the DataFrame.cache() method to store results temporarily, apply filtering operations early, and use coalesce() to adjust the number of partitions before writing the results.","Create data samples with session.createDataFrame(), merge datasets using unionAll(), and use DataFrame.persist() to store the results in memory.",,snowpro-advanced-architect examtopics
Which command will retrieve results for all objects of a row access policy db1.policies.objectslist at the database level?,2,0 1 0 0,SELECT * FROM TABLE( db1.ACCOUNT_USAGE.POLICY_REFERENCES(POLICY_NAME=>'db1.policies.objectslist' ) );,SELECT * FROM TABLE( db1.INFORMATION_SCHEMA.POLICY_REFERENCES(POLICY_NAME=>'db1.policies.objectslist' ) );,SELECT * FROM TABLE( db1.ACCOUNT_USAGE.ROW_ACCESS_POLICIES(POLICY_NAME=>'db1.policies.objectslist' ) );,"SELECT * FROM TABLE( db1.INFORMATION_SCHEMA.POLICY_REFERENCES( REF_ENTITY_NAME => 'db1.policies.objectslist', REF_ENTITY_DOMAIN => 'policy' ) );",,snowpro-advanced-architect examtopics
"A Data Engineer is querying a large table (+100 million rows) with the following SQL:select name, address, datediff(year, birthdate, current_date())from customers;The Engineer notices that the results cache is not being used on subsequent executions of the query. The underlying table does not change and the data is not updated in between query executions.What is causing this to occur?",2,0 0 0 1,Calculations are not stored in the results cache.,Large results are not stored in the results cache.,Date functions are not stored in the results cache.,Non-deterministic calculations are not stored in the results cache.,,snowpro-advanced-architect examtopics
"This query was executed:SELECT SYSTEM$EXPLAIN_PLAN_JSON( 'SELECT Z1.ID, Z2.ID FROM Z1, Z2 WHERE Z2.ID = Z1.ID' ) AS explain_plan;What information will be provided in the results?",2,0 1 0 0,Average partition overlap,Total partitions scanned,Average clustering depth,Clustering errors,,snowpro-advanced-architect examtopics
[SELECT 2] What metadata is maintained by Snowflake for every table during data loading when using the COPY INTO command? (Choose two.),1,1 0 0 1 0,Number of rows parsed in the file,Number of columns parsed in the file,Datatypes of the last load for the file,Timestamp of the last load for the file,Name of each column in the file from which data was loaded,snowpro-advanced-architect examtopics multiple-answer
"A Data Engineer needs to create a SQL script that will load and transform data in batch mode into Snowflake. The script should be run with SnowSQL, and should be scheduled to run at specific times in the company’s corporate scheduler.Based on this scenario, what is the MOST secure way to authenticate into Snowflake?",2,0 1 0 0,Single Sign-On (SSO),Key-pair authentication,Username and password,Multi-Factor Authentication (MFA),,snowpro-advanced-architect examtopics
Which authentication method has the following characteristics?1. User authentication is separated from access to Snowflake using an external entity2. The external entity provides independent authentication of user credentials,2,0 0 0 1,Key-pair authentication,Multi-Factor Authentication (MFA),Username and password,Federated authentication,,snowpro-advanced-architect examtopics
"A Data Engineer is debugging a SQL stored procedure that contains a transaction with a rollback using this code:DROP TABLE A1;CREATE OR REPLACE TABLE A1(i int);BEGIN TRANSACTION;INSERT INTO A1 VALUES (1), (2);INSERT INTO A1 VALUES (3), (4);CREATE OR REPLACE TABLE table2 (i VARCHAR);INSERT INTO A1 VALUES (5), (6);ROLLBACK;How many rows will the code write into table A1?",2,0 0 0 1,0 rows - the ROLLBACK command at the end of the query will remove all inserted data.,"2 rows - the CREATE statement acts as an implicit ROLLBACK, so all prior inserted rows are COMMITTED. The ROLLBACK command is outside of the transaction.",4 rows - the ROLLBACK command at the end of the query will result in values 5 and 6 not being committed.,6 rows - the CREATE statement acts as an implicit END to the BEGIN transaction. All values are therefore COMMITTED.,,snowpro-advanced-architect examtopics
[SELECT 2] A Data Engineer has created a scalar User-Defined Function (UDF) that contains a SELECT statement based on a projection constraint column. The Engineer notices that the UDF behaves differently depending on how it is being used.What are the expected behaviors of the UDF for the named context? (Choose two.),1,1 0 0 1 0,Scalar SQL UDF - Snowflake allows the query to execute and returns NULL.,Scalar SQL UDF - Snowflake blocks the query.,Logging & Event Tables - Snowflake allows the UDF to execute and captures log and event details.,Logging & Event Tables - Snowflake allows the UDF to execute but does not capture log and event details.,Logging & Event Tables - Snowflake blocks the UDF but allows the statement calling the UDF to run to support logging requirements.,snowpro-advanced-architect examtopics multiple-answer
A Data Engineer needs to obtain details about data loading history for tables in a specific database and schema. The tables were loaded using Snowpipe in the last 24 hours.How should the Engineer accomplish these tasks?,2,0 1 0 0,Use the USAGE privilege on the database and schema to use the copy history view in the information schema.,"Use the LOAD HISTORY view using the usage privilege on the database and schema, and any privilege on the table.",Use the MONITOR privilege on the account and access the table details to use the copy history view in the information schema.,"Use the USAGE privilege on the database and schema, select the database and the schema, and access the table details to use the copy history tab.",,snowpro-advanced-architect examtopics
"A Data Engineer is developing a data pipeline to ingest data from an Amazon S3 bucket into a Snowflake table.Files will be loaded into the S3 bucket randomly, with most files loaded during working hours. The files are in a compressed CSV format (*.csv.gz) and average 100 MB per file.The data ingestion requirements are listed in order of priority:1. MOST cost-effective method2. LEAST amount of operational overhead3. New data MUST be available within 10 minutes of the creation of a fileWhich ingestion method will meet these requirements?",2,1 0 0 0,Snowpipe,Snowpipe Streaming,Snowflake Kafka Connector,The COPY INTO {location} command,,snowpro-advanced-architect examtopics
How should a Data Engineer build a pipeline that executes a stored procedure to parse and load unstructured data files as the files arrive in a stage?,2,0 0 0 1,Create a Snowpipe with the parameter AUTO_INGEST = TRUE.,Create a Snowpipe that includes the INTEGRATION = ‘’ parameter.,Create a stage with parameter ENCODING = ‘’ to call the procedure when flies land in the stage.,"Create a stage with a directory table, a stream on the directory table, and a task referencing the stream.",,snowpro-advanced-architect examtopics
A Data Engineer needs to configure a task in Snowflake to automatically send error notifications in case of a data loading failure. The Engineer wants to use an existing task that inserts data into a table every 5 minutes. The Engineer set up a notification integration with Amazon Secure Notification Service (SNS) named my_notification_int.How should the task be updated to automatically send error notifications if it fails?,2,0 1 0 0,Add an ALERT clause in the task definition to link it to the notification service.,Add the command: ALTER TASK MYTASK SET ERROR_INTEGRATION = ‘my_notification_int’; to the notification.,Use the NOTIFICATION INTEGRATION = ‘my_notification_int’ parameter in the task configuration.,Add NOTIFICATION_PROVIDER = ‘my_notificacion_int’ to the task schedule.,,snowpro-advanced-architect examtopics
"[SELECT 2] A company built data pipelines using dynamic tables in Snowflake. Recently, some dynamic table refreshes have been taking longer than expected, causing delays in data availability for downstream reporting, leading to increased costs.How should inefficient dynamic table refreshes and resource usage be monitored? (Choose two.)",1,0 1 0 1 0,Increase the refresh table frequency to keep the data fresh and improve reporting accuracy.,Use Snowsight or the DYNAMIC_TABLE_REFRESH_HISTORY function to monitor the refresh history of each dynamic table.,Set the dynamic tables to full refresh mode to simplify the monitoring process and ensure downstream data availability on a consistent schedule.,"Monitor the QUERY_HISTORY view to analyze the performance of the virtual warehouse used to refresh the dynamic tables, to ensure that the warehouse is sized appropriately.","Schedule this query to analyze the dynamic table performance:SELECT *FROM TABLE(INFORMATION_SCHEMA.TASK_HISTORY(scheduled_time_range_3tart => DATEADD(HOUR, -1, CURRENT_TTMESTAMP())));",snowpro-advanced-architect examtopics multiple-answer
"A Data Engineer used a secondary role to create a dynamic table using a CREATE DYNAMIC TABLE command. The secondary role has been granted the USAGE privilege, but the primary role has not.What affect will this have on the dynamic table?",2,0 1 0 0,The dynamic table will not initialize or refresh,The dynamic table will initialize but will not refresh.,"The dynamic table will initialize and can be refreshed, but net on a schedule.","The dynamic table will initialize and refresh only once, future refresh attempts will fail.",,snowpro-advanced-architect examtopics
"A Data Engineer discovered that many tables in the company database contain sensitive details about products which are not yet in production. This information is scattered across multiple tables, in different columns within each table. The Engineer is focusing on securing the data in table packaging first, with access provided only to users with roles researcher and marketing. All tables with sensitive data should be identified to better manage data governance.How can these requirements be met using the LEAST amount of operational overhead?",2,0 1 0 0,1. Add a comment to all tables containing sensitive data.2. Protect the sensitive data with Dynamic Data Masking.,1. Tag all tables that contain sensitive data.2. Create a row access policy.3. Assign a row access policy to each tag,1. Tag all tables that contain sensitive data.2. Create a Dynamic Data Masking policy.3. Assign a Dynamic Data Masking policy to each tag.,1. Tag all tables that contain sensitive data.2. Create a row access policy.3. Assign a row access policy to each table.,,snowpro-advanced-architect examtopics
A Data Engineer has created two SQL User-Defined Functions (UDFs) with the same name:The following function call is made:select plus5(to_date(‘2024-01-25’));What will be the output of this call?,2,0 0 0 1,2024-01-30,2024-01-255,2024-01-25’5’,The SQL compilation error: error line 1 at position 7 Invalid argument types for function ’PLUS5': (DATE),,snowpro-advanced-architect examtopics
How are overlapping columns handled when joining DataFrames in Snowpark?,2,0 1 0 0,Snowpark will return a join result containing multiple columns that have the same names.,Snowpark will return the error: 'Ambiguous column'.,Snowpark will prepend a randomly-generated prefix to the overlapping columns in the join result.,Snowpark will append the DataFrame names to new columns in the join result.,,snowpro-advanced-architect examtopics
A Data Engineer needs to optimize the performance and minimize the costs of a dynamic table pipeline in Snowflake. The Engineer wants to monitor and separate the dynamic table costs prior to transferring the table refresh processing to a shared virtual warehouse.How should the Engineer meet these requirements?,2,0 1 0 0,Use a shared virtual warehouse to test the performance of the dynamic table refresh process and monitor the costs for all workloads.,"Before moving the table, test the process on a dedicated virtual warehouse to establish a cost baseline.",Execute the dynamic tables on multiple virtual warehouses simultaneously to distribute the load equally.,Set up the dynamic tables directly on a production virtual warehouse to obtain real-time cost insights.,,snowpro-advanced-architect examtopics
A company using Snowflake works with a third party that provides economic data. The third-party provider recently moved their data to Snowflake.How can the company access the third-party data in Snowflake with the LEAST amount of operational overhead?,2,0 1 0 0,Have the data provider enable database replication so the company can create a replica of the provider's database.,Have the data provider create a share object and add the company's Snowflake account to the share.,Have the data provider create a listing on the Snowflake Marketplace so the company can request access to the data.,Have the data provider create a new user and role specifically for the company so the company can log into the data provider's Snowflake account to access the data.,,snowpro-advanced-architect examtopics
"[SELECT 3] A Data Engineer needs to monitor data usage patterns, performance metrics, and query efficiency to optimize the data workloads in a Snowflake account. The Engineer needs insights into long-running queries, frequently accessed tables, and warehouse resource utilization while also tracking user activities and ensuring compliance with governance policies.Which combination of views should the Engineer use to meet these requirements? (Choose three.)",1,1 1 1 0 0,Use the SNOWFLAKE.ACCOUNT_USAGE.QUERY_HISTORY view to analyze query performance.,Use the SNOWFLAKE.ACCOUNT_USAGE.ACCESS_HISTORY view to track access patterns.,Use the SNOWFLAKE.ACCOUNT_USAGE.WAREHOUSE_METERING_HISTORY view to monitor warehouse resource consumption.,SNOWFLAKE.ACCOUNT_USAGE.OBJECT_DEPENDENCIES view to track dependencies between objects.,Use the SNOWFLAKE.ACCOUNT_USAGE.SCHEMA_PRIVILEGES view to ensure compliance with data governance policies.,snowpro-advanced-architect examtopics multiple-answer
A Data Engineer is trying to improve the performance of a long-running query by clustering the base table.What information from the output of the CLUSTERING_INFORMATION system function will verify that the clustering improved query performance?,2,0 0 0 1,The average number of overlapping micro-partitions in the table is high.,The total number of constant micro-partitions in the table is high.,The average overlap depth of each micro-partition in the table is high.,The total number of constant micro-partitions in the table is low.,,snowpro-advanced-architect examtopics
"A tag named DEPARTMENT has two values, MARKETING and FINANCE.Which command will add a third value, ENGINEERING, to the tag?",2,1 0 0 0,ALTER TAG DEPARTMENT ADD ALLOWED_VALUES 'ENGINEERING';,ALTER TAG DEPARTMENT MODIFY ALLOWED_VALUES 'ENGINEERING';,ALTER TAG DEPARTMENT SET TAG DEPARTMENT = 'ENGINEERING';,"ALTER TAG DEPARTMENT DROP ALLOWED VALUES 'MARKETING', 'FINANCE' ADD ALLOWED VALUES 'MARKETING', 'FINANCE', 'ENGINEERING';",,snowpro-advanced-architect examtopics
A Data Engineer needs to monitor the quality of hr.tables.employee_dim using a Data Metric Function (DMF).Which DMF will return the percent of NULL values for the passport column in table employee_dim?,2,0 0 0 1,SELECT SNOWFLAKE.CORE.NULL_COUNT(SELECT passport FROM hr.tables.employee_dim)/100;,SELECT SNOWFLAKE.CORE.AVG(SELECT passport FROM hr.tables.employee_dim);,SELECT SNOWFLAKE.CORE.BLANK_COUNT(SELECT passport FROM hr.tables.employee_dim);,SELECT SNOWFLAKE.CORE.NULL_PERCENT(SELECT passport FROM hr.tables.employee_dim);,,snowpro-advanced-architect examtopics
"A Data Engineer is planning to run a set of Data Metric Functions (DMFs) against a table using this query:select snowflake.core.max(select c_name from snowflake_sample_data.tpch_sf1.customer) ;When the query is run, an error is returned.What is causing the error?",2,0 0 0 1,DMFs can only be defined on a table; they cannot be executed as a SQL statement.,"snowflake_sample_data.tpch_sf1.customer is in a data share, which is not a valid source for DMFs.",The SNOWFLAKE.CORE.MAX() function cannot accept VARCHAR arguments.,The SNOWFLAKE.CORE.MAX() function is not a valid Snowflake DMF.,,snowpro-advanced-architect examtopics
"[SELECT 2] A Data Engineer is trying to clone a very large table from a source environment that has setDATA_RETENTION_TIME_IN_DAYS = 0.During the cloning operation, Data Manipulation Language (DML) transactions are executed on the source table, and the user receives the error ""Data is not available.""How can this error be prevented, while ensuring successful cloning of the table? (Choose two.)",1,0 1 1 0 0,Increase the warehouse size to speed up the cloning process and avoid DML conflicts.,"Set the DATA_RETENTION_TIME_IN_DAYS = 1 for the table in the source environment before starting the cloning process, and revert it to = 0 after the clone is completed.",Avoid all DML transactions on the source table until the cloning operation is complete.,Disable Time Travel on the cloned table to reduce storage costs once the cloning is complete.,"Use a CREATE TABLE AS SELECT STATEMENT to create a new table, instead of creating a clone.",snowpro-advanced-architect examtopics multiple-answer
"A table was created under MY_SCHEMA:CREATE TABLE my_schema.orders ( order_id INT, order_item_nr INT ) DATA_RETENTION_TIME_IN_DAYS = 5;The DATA_RETENTION_TIME_IN_DAYS value on the schema is reset to = 10.Then a new table is created under MY_SCHEMA:CREATE TABLE my_schema.final( final_order_id INT, final_order_item_nr INT);What will happen if the Time Travel DATA_RETENTION_TIME_IN_DAYS value at the schema level is changed from = 10 to = 20?",2,0 0 0 1,"The DATA_RETENTION_TIME_IN_DAYS cannot be set at the schema level, so the command will fail.","The DATA_RETENTION_TIME_IN_DAYS on the orders table will not change, but on the final table it will change to = 20.",The DATA_RETENTION_TIME_IN_DAYS will be set at = 20 for both the orders table and the final table.,The DATA_RETENTION_TIME_IN_DAYS will remain the same for both the orders table and the final table.,,snowpro-advanced-architect examtopics
"A company has deployed a data pipeline that streams customer transaction data from an on-premises PostgreSQL database to Snowflake for real-time analytics. A Data Engineer needs to configure a connector that will continuously and reliably transfer data to Snowflake.Which connector configuration will meet these requirements, while providing MINIMAL latency, and OPTIMAL performance?",2,0 0 0 1,Configure the Snowflake Connector for Kafka to continuously stream data from the PostgreSQL database into Snowflake by configuring PostgreSQL as a Kafka producer.,"Deploy the Snowflake JDBC driver to connect the PostgreSQL database directly to Snowflake, setting up a continuous query on the PostgreSQL database to push data to Snowflake.","Install the Snowflake Connector for Python on the PostgreSQL server to stream data directly to Snowflake, using Python scripts to manage the data transfer.","Configure the Snowflake Connector for Kafka on a Kafka Connect cluster to stream data from the PostgreSQL database to Kafka topics, which will be ingested using the Kafka connector.",,snowpro-advanced-architect examtopics
[SELECT 2] A Data Engineer is using Time Travel to clone a table using this query:CREATE TABLE MY_TABLE_CLONE CLONE MY_TABLEAT (OFFSET => -60*30);An error is returned.What could be causing the error? (Choose two.),1,1 0 0 0 1,The source object is an external table.,The object has exceeded the maximum cloning limit.,Time Travel and cloning features cannot be run together.,The object cannot be cloned because it has a row access policy attached to it.,The source object did not exist at the time specified in the AT | BEFORE parameter.,snowpro-advanced-architect examtopics multiple-answer
How can a Data Engineer return all the errors encountered during a previous file upload that used the COPY command?,2,0 1 0 0,Query the VALIDATE information schema view.,Call the VALIDATE table function.,Call the VALIDATE_PIPE_LOAD table function.,Query the VALIDATE account usage schema view.,,snowpro-advanced-architect examtopics
"[SELECT 2] When working with semi-structured data in a VARIANT column, which Snowflake functions will allow a user to write queries that extract values using a hierarchy name? (Choose two.)",1,1 0 1 0 0,GET(),PARSE_JSON(),GET_PATH(),LATERAL FLATTEN,TO_ARRAY(),snowpro-advanced-architect examtopics multiple-answer
A company is running several machine learning models that were developed in Scala and are running on-premises. A Data Engineer has been asked to design a solution using Snowflake.What is the FASTEST way to migrate the models to Snowflake?,2,0 0 1 0,Convert the Scala code to SQL and create new SQL User-Defined Functions (UDFs) in Snowflake.,Create new Scala User-Defined Functions (UDFs) in Snowflake using the existing Scala code.,Use Snowpark to create User-Defined Functions (UDFs) based on the existing Scala code.,Use a Python function to create User-Defined Functions (UDFs) based on the existing Scala code.,,snowpro-advanced-architect examtopics
"[SELECT 2] A Data Engineer is working to optimize the performance of end-users' queries about automobile shipment data for a portal web application that generates dashboards for different clients.An internal team queries the information using order_date as a where condition; the ingestion and natural clustering are performed in this column. However, the application recovers data using the client_id, warehouse, product_id, and destination_city. The Engineer needs to create materialized views with different cluster keys, and must choose two columns combined with client_id to optimize the first cluster key.Which statements will provide all the information needed to select the MOST effective combination of columns to cluster? (Choose two.)",1,0 1 1 0 0,SELECT SYSTEM$CLUSTERING_DEPTH('shipments');,"SELECT SYSTEM$CLUSTERING_DEPTH('shipments', '(client_id, warehouse, product_id));","SELECT SYSTEM$CLUSTERING_DEPTH('shipments', '(client_id, destination_city, product_id));","SELECT SYSTEM$CLUSTERING_DEPTH('shipments', '(warehouse, product_id, destination_city)');","SELECT SYSTEM$CLUSTERING_INFORMATION('shipments', 3);",snowpro-advanced-architect examtopics multiple-answer
"[SELECT 3] A Data Engineer created table t1 and applied a projection policy, my_proj_policy to several columns:What effect will the policy have on columns account_number and account_type? (Choose three.)",1,1 1 1 0 0,The columns cannot be used to insert data into another table.,These columns cannot pass an argument to an external function or external stored procedure.,The data in these columns will not be included in query results.,The columns will be masked and will only be visible to a defined user role.,Tags can now be placed on these columns.,snowpro-advanced-architect examtopics multiple-answer
"A retail store's application team needs to build a loyalty program for their customers. The customer table contains Personal Identifiable Information (PII), and the team members have been assigned the role DEVELOPER.CREATE TABLE customer_data (customer_first_name string,customer_last_name string,customer_address string,customer_email string,... some other columns,);The team needs to access the customer data, but the email field must be obfuscated.Which solution protects the sensitive information, while maintaining the usability of the data?",2,0 0 0 1,Create a view on the customer_data table to eliminate the email column by omitting it from the SELECT clause. Grant the role DEVELOPER access to the view.,Create a separate table for all the non-PII columns and grant the role DEVELOPER access to the new table.,Use the CURRENT_ROLE and CURRENT_USER context functions to integrate with a secure view and filter the sensitive data.,Use the CURRENT_ROLE context function to integrate with a masking policy on the sensitive fields.,,snowpro-advanced-architect examtopics
A Data Engineer is cloning a production database for use as a development environment using these commands:USE ROLE CLONE_ADMIN;CREATE DATABASE DB_DEV CLONE DE_PROD AT (OFFSET => -1800);What must the Engineer do to ensure the cloned environment is ready to use?,2,1 0 0 0,Run this command on all pipes in the DB_DEV to resume loading from them:ALTER PIPESET PIPE_EXECUTION_PAUSED = FALSE;,Run this command on all external stages in the DB_DEV to point them to development files:ALTER STAGESET STORAGE_INTEGRATION =;,Run this command on all tables in the DB_DEV to revoke permissions from all production roles:GRANT OWNERSHIP ON ALL TABLES IN DATABASE DB_DEV TO ROLE CLONE_ADMIN REVOKE CURRENT GRANTS;,Run this command on all tables with sequences in the DB_DEV to reattach the sequences to the cloned tables:ALTER TABLE..ALTER COLUMNSET DEFAULT...NEXTVAL;,,snowpro-advanced-architect examtopics
"A table, TABLE SALES, is reloaded daily, and is used by many users to support multiple data reporting tools. Users report poor performance when querying the table.This is the clustering information for TABLE SALES:{""cluster_by_keys"" : ""LINEAR(SALES_DT)"",""total_partition_count"" : 10798,""total_constant_partition_count"" : 0,""average_overlaps"" : 10797.0,""average_depth"" : 10798.0,""partition_depth__histogram"" : {""00000"" : 0,""00001"" : 0,""00002"" : 0,""00003"" : 0,""00004"" : 0,""00005"" : 0,""00006"" : 0,""00007"" : 0,""00008"" : 0,""00009"" : 0,""00010"" : 0,""00011"" : 0,""00012"" : 0,""00013"" : 0,""00014"" : 0,""00015"" : 0,""00016"" : 0,""16384"" : 10798},""clustering_errors"" : [ ]}What step will improve the performance of the micro-partitions and OPTIMIZE query performance?",2,0 0 0 1,Incorporate additional pruning options when the table is being accessed by reporting queries.,Identify and purge duplicate data in the table.,Use the ORDER BY SALES_DT parameter when inserting the data into the table.,Perform a one-time insert overwrite with the ORDER BY SALES_DT parameter.,,snowpro-advanced-architect examtopics
"A Data Engineer is setting up a data processing pipeline in Snowflake. The pipeline needs to process PDF files that are uploaded to a stage with a directory table enabled. The data must be extracted from the files, and then the processed data will be loaded into a table.What should be done to ensure that the pipeline will automatically process any newly-added PDF files?",2,0 0 0 1,Configure Snowpipe to automatically load the PDF data directly into the table without the need for a stream or task.,Implement a custom Python script to continuously scan the stage and process any newly-created PDF files.,Use a materialized view to monitor the directory table for changes and trigger the processing task when new PDF files are added.,Create a stream on the directory table to track changes and use the stream to trigger a task to process any new PDF files.,,snowpro-advanced-architect examtopics
How can a Data Engineer track credit consumption related to the use of Data Metric Functions (DMFs)?,2,0 1 0 0,Query the DATABASE_STORAGE_USAGE_HISTORY table function.,Query the DATA_QUALITY_MONITORING_USAGE_HISTORY view.,Query the DATABASE_STORAGE_USAGE_HISTORY view.,Query the WAREHOUSE_METERING_HISTORY table function.,,snowpro-advanced-architect examtopics
"A Data Engineer is investigating a data quality issue that led to a system failure. Because there is no data from the time of the incident, the Engineer needs replicate the issue, without causing any disruptions to the current operations.How can a safe environment for testing be established without incurring additional costs?",2,0 0 0 1,Use Time Travel to restore the data back to the way it was just before the incident occurred.,Create an empty table using a CREATE TABLE LIKE command and insert the historic data into this table using data from Time Travel. Use this table for testing.,Create a view using the historic Time Travel data and use this view to test the data.,Create a clone of the data using the historic Time Travel data and use the clone to test the data.,,snowpro-advanced-architect examtopics
Use of what Snowflake Continuous Data Protection (CDP) feature will consume compute credits?,2,0 0 0 1,Creating zero-copy clones,Enabling Multi-Factor Authentication (MFA),Using Role-Based Access Control (RBAC),Retrieval of data from Fail-safe,,snowpro-advanced-architect examtopics
"A Data Engineer is designing a solution that will send report files generated and stored in a Snowflake stage to a customer, using email. The files can only be available for download for 60 minutes as new files will be generated and the old ones become obsolete.What is the recommended way to meet these requirements?",2,0 1 0 0,Share data using a scoped URL and the SYSTEM$SEND_EMAIL function.,Share data using pre-signed URL and the SYSTEM$SEND_EMAIL function.,Share data using a stage file URL and the SYSTEM$SEND_EMAIL function.,Share data using a scoped URL and write a custom Python script to send the email.,,snowpro-advanced-architect examtopics
"A Data Engineer needs to monitor a continuous data pipeline that is processing data. The data is ingested into Snowflake using a pipe from an Amazon S3 bucket, then it is transformed using a series of tasks and streams. The pipeline provides notifications if there is a failure during data importation.How should the Engineer add a notification signaling that there is a failure of a task involved with data transformations?",2,0 0 0 1,Create a queue-type error integration and assign it to this root task:CREATE INTEGRATION my_error_notifyTYPE = QUEUE -ENABLED = TRUE -DIRECTION = OUTBOUND -NOTIFICATION-PROVIDER = AWS_SNS -AWS_SNS_TOPIC_ARN = 'arn:aws:sns:us-east-2:111122223333:my_topic'AWS_SNS_ROLE_ARN = 'arn:aws:iam::111122223333:role/error_sns_role';ALTER TASK order_start SET ERROR_INTEGRATION = my_error_notify;,"Create a Snowflake alert and assign it to this root task:CREATE ALERT pipeline_failure -WAREHOUSE = MY_WH -NOTIFY = my_user1, my_user2;ALTER TASK order_start -set ERROR_INTEGRATION = pipeline_failure;",Create an email notification and assign it to this root task:CREATE NOTIFICATION INTEGRATION my_email_notifyTYPE = EMAIL -ENABLED = TRUE -DEFAULT RECIPIENTS = ('my_email@domain.com');ALTER TASK order_start -set NOTIFICATION_INTEGRATION = my_email_notify;,Create a queue notification integration error and assign it to this root task:CREATE NOTIFICATION INTEGRATION mv_error_notifyTYPE = QUEUE -ENABLED = TRUE -DIRECTION = OUTBOUND -NOTIFICATION_PROVIDER = AWS_SNS -AWS_SNS_TOPIC_ARN = 'am:aws:sns:us-east-2:111122223333:my_topic'AWS_SNS_ROLE_ARN = 'arn:aws:iam::111122223333:role/error sns role';ALTER TASK order_start SET ERROR_INTEGRATION = my_error_notify;,,snowpro-advanced-architect examtopics
"Which file format option is used to escape the ' \ ' character while unloading data to a stage from a table if the FIELD_DELIMITER = ',' ?",2,0 1 0 0,ESCAPE_UNENCLOSED_FIELD=NONE,ESCAPE_UNENCLOSED_FIELD='\\',ESCAPE_UNENCLOSED_FIELD='\',"ESCAPE UNENCLOSED FIELD=','",,snowpro-advanced-architect examtopics
"A Data Engineer creates a stream using this code:CREATE OR REPLACE STREAM mystream ON TABLE mytable AT (TIMESTAMP => TO_TIMESTAMP_TZ('01/09/2024 01:02:03', 'mm/dd/yyyy hh24:mi:ss'));The create statement is not successful.What is causing this?",2,0 0 1 0,The stream mystream already exists in the current directory with a different time and date configuration.,No change tracking data is available on the source object mytable during the time and date specified in the statement.,The CREATE STREAM statement does not permit the user to specify Time Travel parameters when configuring a stream.,The CREATE STREAM statement must include a specific ON EXTERNAL TABLE parameter rather than the general ON TABLE parameter.,,snowpro-advanced-architect examtopics
"While loading data using SnowSQL from a CSV file, what copy option will eliminate the header record from the loaded data?",2,0 1 0 0,SKIP_HEADER = 0,SKIP_HEADER = 1,PARSE_HEADER = TRUE,PARSE HEADER = FALSE,,snowpro-advanced-architect examtopics
A Data Engineer needs to extract the text contained in PDF files located in an internal stage and load the text into Snowflake.What Snowflake-recommended approach will meet this requirement MOST cost effectively?,2,0 0 0 1,Build a stored procedure using SQL to read each PDF file.,Create a Python User-Defined Function (UDF) to extract the text.,"Create a Java User-Defined Function (UDF) to import an external, specific Java ARchive (JAR) to read the PDF.",Use a third-party external service to process the PDF files and ingest the results into Snowflake.,,snowpro-advanced-architect examtopics
"A REST API on an on-premises network needs to be used to ingest data into Snowflake. Snowflake cannot access the data due to network restrictions. The data owners suggest pushing data to an Azure Blob storage every five minutes and triggering a COPY INTO command, but the Data Engineer is concerned about costs. Data transformations will be handled with views after the data is ingested.Data consumers do not require real-time data, but expect the data to be refreshed approximately every 5 minutes.What data ingestion approach will be MOST cost effective?",2,1 0 0 0,Use a COPY INTO command to move the data from Blob storage to Snowflake.,Use Snowpipe Streaming to ingest the on-premises data using a Kafka stream.,Use Snowpipe Streaming and call the Snowpipe API to insert the data into the Snowflake tables.,"Use Blob storage to store the data, then use Amazon Simple Queue Service (SQS) to trigger Snowpipe and initiate the data loading into Snowflake.",,snowpro-advanced-architect examtopics
"[SELECT 2] When loading data using the Snowflake Connector for Kafka, the Kafka log file contained this information:org.apache.kafka.clients.consumer.CommitFailedException: Commit cannot be completed since the group has already rebalanced and assigned the partitions to another memberWhat combination of tasks should be used to address this issue? (Choose two.)",1,0 1 1 0 0,Decrease the number of records loaded with each operation to 50.,Disable automatic offset migration by setting it to = FALSE.,Increase the execution timeout to 900000.,Reduce the session.timeout.ms setting to enable faster rebalancing.,Add more partitions to the Kafka topic to prevent rebalancing.,snowpro-advanced-architect examtopics multiple-answer
Which command will load all data successfully into the table named finance_dept_Location?,2,1 0 0 0,"copy into finance_dept_location(city, zip, sale_date, price)from (select t.$1, t.$2, t.$3, t.$4 from @finstage/finance.csv.gz t) file_format = (format_name = fincsvformat);","copy into finance_dept_location(city, zip, sale_date, price)from (select t.$1, t.$2, t.$3, t.$4 from @finstage/finance.csv.gz t) file_format = (format_name = fincsvformat) validation_mode=return_all_errors;","copy into finance_dept_location(city, zip, sale_date, price)from (select t.$1, t.$2, t.$3, t.$4 from @finstage/finance.csv.gz t limit 100) file_format = (format_name = fincsvformat);","copy into finance_dept_location(city, zip, sale_date, price)from (select t.$1, t.$2, t.$3, t.$4 from @finstage/finance.csv.gz t where t.$1 like '%austin%') file_format = (format_name = fincsvformat);",,snowpro-advanced-architect examtopics
A Data Engineer needs to reduce the time this query takes to run to less than 2 minutes.What is the MOST cost-effective way to reduce the query processing time?,2,0 0 1 0,Increase the virtual warehouse size by 4 sizes.,Enable the search optimization service for at least 4 of the underlying tables.,Use the query acceleration service with a maximum scaling factor of 4.,Cluster at least 4 of the underlying tables.,,snowpro-advanced-architect examtopics
[SELECT 2] What Snowflake expenses may be incurred when using external functions? (Choose two.),1,0 1 1 0 0,Data storage,Data transfer,Cloud services compute,Snowflake warehouse compute,External function serverless compute,snowpro-advanced-architect examtopics multiple-answer
What will be the impact on the AUTO_REFRESH parameter if the ownership of an external table is transferred to different role?,2,1 0 0 0,The parameter value will be set as = FALSE by default.,The parameter value will be set as = TRUE by default.,The parameter will need to be reset.,"The parameter will be deleted, and only a user with the ACCOUNTADMIN role will be able to re-establish it.",,snowpro-advanced-architect examtopics
"[SELECT 2] A Data Engineer is designing a Snowflake SQL API to call a stored procedure using this code:When a request is sent, it must be authenticated.What authentication techniques will meet this requirement? (Choose two.)",1,0 1 1 0 0,Multi-Factor Authentication (MFA),OAuth,Key-pair authentication,Single Sign-On (SSO) through a web browser,Native Single Sign-On through Okta,snowpro-advanced-architect examtopics multiple-answer
"A Data Engineer is setting up an environment so that Data Analysts can combine the CUSTOMERS and CUSTOMER_SALES tables to summarize customer sales by REGION. However, data governance requirements state that access to CUSTOMERID values must be restricted, while still allowing the use of the CUSTOMERID column to join the tables. To comply, the Engineer implemented a projection policy on the CUSTOMERID column.What step should the Engineer take to ensure Analysts can successfully perform the joins required to retrieve the REGION data from the CUSTOMERS table?",2,0 1 0 0,"Apply the projection policy only to the CUSTOMERS table, allowing Analysts to only view the CUSTOMERID from the CUSTOMER_SALES table.",Apply the projection policy to the CUSTOMERID column in both the CUSTOMERS and CUSTOMER SALES tables.,"Ensure the projection policy applies to all columns in the table, including the REGION and STATE columns.",Apply an aggregation policy to the CUSTOMERS table to ensure that the CUSTOMERID is not accidentally exposed.,,snowpro-advanced-architect examtopics
A Data Engineer is developing a User-Defined Table Function (UDTF) using Snowpark Python with this code:What will this UDTF do?,2,0 0 1 0,It will use Snowflake libraries to write the metadata from a file and return it in a table.,It will register a temporary User-Defined Function (UDF) that will read a text file from a stage using SnowflakeFile and will return the file length.,It will use SnowflakeFile to create an interface that will extract the contents of a CSV file and return the rows in a table.,It will use SnowflakeFile to extract a list of files that will be stored in an internal stage as a table.,,snowpro-advanced-architect examtopics
A Data Engineer is working with semi-structured data using the following query:What will be the output?,2,1 0 0 0,3 records with the keys that make up the record associated with Onyx:,1 record with the 3 keys in the column VALUE with information related to Onyx:,1 record with the key name that is associated with Onyx:,"2 records, one with all the information about Onyx and a second with the key name:",,snowpro-advanced-architect examtopics
Which execution sequence is required to capture the data from the second row and second column of a ResultSet object?,2,0 1 0 0,next()->next()->getColumnValue(1),next()->next()->getColumnValue(2),next()->getColumnValue(2),next()->getColumnValue(1),,snowpro-advanced-architect examtopics
A Data Engineer needs to use Snowpark to load data from a DataFrame into a Snowflake table.What sequence of steps should be used to accomplish this?,2,0 0 0 1,"Call the write property to get a DataFrameWriter object, use the save_as_table method to save the DataFrame contents, and specify the mode using the mode method.",Directly call the save_as_table method on the DataFrame object to save the data.,"Use the collect method to execute the SQL statement to save the data to the table, then use the write property to get a DataFrameWriter object.","Call the write property to get a DataFrameWriter object, call the mode method, and then call the save_as_table method to save the DataFrame contents.",,snowpro-advanced-architect examtopics
"A Data Engineer needs to extract data from an API, then transform and load the data into a Snowflake table. All the work is done inside a Python script using Snowflake Connector for Python. The Engineer needs to be able to trace all queries that are performed by a single connection.An internal id, REQUEST_ID, is being retrieved from the API. It links API requests with Snowflake queries. Multiple SQL queries are run on a single API request, including updates and deletes.How should the API requests be linked to the queries performed by the Python connector?",2,0 0 1 0,Set the LOG_LEVEL parameter to:con.cursor().execute (SET LOG_LEVEL = 'ERROR'),Add REQUEST_ID as an additional column in any INSERT queries.,Set the QUERY_TAG parameter in the connection object to:,Set the TRACE_LEVEL parameter to:,,snowpro-advanced-architect examtopics
